Path,Name
/data/cv_project/spikedroid/marked/2017_06_19_renamed/8743_2.jpg,8743_2
/data/cv_project/spikedroid/marked/2017_06_19_renamed/8740_4.jpg,8740_4
/data/cv_project/spikedroid/marked/2017_06_19_renamed/8764_l.jpg,8764_l
/data/cv_project/spikedroid/marked/2017_06_19_renamed/8748_l.jpg,8748_l
/data/cv_project/spikedroid/marked/2017_06_19_renamed/8753_2.jpg,8753_2
/data/cv_project/spikedroid/marked/2017_06_19_renamed/8736_2.jpg,8736_2
/data/cv_project/spikedroid/marked/2017_06_19_renamed/8731_3.jpg,8731_3
/data/cv_project/spikedroid/marked/2017_06_19_renamed/8736_1.jpg,8736_1
/data/cv_project/spikedroid/marked/2017_06_19_renamed/8730_2.jpg,8730_2
/data/cv_project/spikedroid/marked/2017_06_19_renamed/8739_2.jpg,8739_2
/data/cv_project/spikedroid/marked/2017_06_19_renamed/8766_1.jpg,8766_1
/data/cv_project/spikedroid/marked/2017_06_19_renamed/8755_2.jpg,8755_2
/data/cv_project/spikedroid/marked/2017_06_19_renamed/8743_3.jpg,8743_3
/data/cv_project/spikedroid/marked/2017_06_19_renamed/8730_4.jpg,8730_4
/data/cv_project/spikedroid/marked/2017_06_19_renamed/8759_3.jpg,8759_3
/data/cv_project/spikedroid/marked/2017_06_19_renamed/8762_1.jpg,8762_1
/data/cv_project/spikedroid/marked/2017_06_19_renamed/8761_2.jpg,8761_2
/data/cv_project/spikedroid/marked/2017_06_19_renamed/8739_4.jpg,8739_4
/data/cv_project/spikedroid/marked/2017_06_19_renamed/8734_l.jpg,8734_l
/data/cv_project/spikedroid/marked/2017_06_19_renamed/8736_4.jpg,8736_4
/data/cv_project/spikedroid/marked/2017_06_19_renamed/8744_3.jpg,8744_3
/data/cv_project/spikedroid/marked/2017_06_19_renamed/8744_l.jpg,8744_l
/data/cv_project/spikedroid/marked/2017_06_19_renamed/8731_2.jpg,8731_2
/data/cv_project/spikedroid/marked/2017_06_19_renamed/8744_4.jpg,8744_4
/data/cv_project/spikedroid/marked/2017_06_19_renamed/8755_1.jpg,8755_1
/data/cv_project/spikedroid/marked/2017_06_19_renamed/8753_3.jpg,8753_3
/data/cv_project/spikedroid/marked/2017_06_19_renamed/8738_3.jpg,8738_3
/data/cv_project/spikedroid/marked/2017_06_19_renamed/8738_4.jpg,8738_4
/data/cv_project/spikedroid/marked/2017_06_19_renamed/8738_2.jpg,8738_2
/data/cv_project/spikedroid/marked/2017_06_19_renamed/8728_3.jpg,8728_3
/data/cv_project/spikedroid/marked/2017_06_19_renamed/8746_l.jpg,8746_l
/data/cv_project/spikedroid/marked/2017_06_19_renamed/8733_l.jpg,8733_l
/data/cv_project/spikedroid/marked/2017_06_19_renamed/8734_1.jpg,8734_1
/data/cv_project/spikedroid/marked/2017_06_19_renamed/8764_3.jpg,8764_3
/data/cv_project/spikedroid/marked/2017_06_19_renamed/8759_4.jpg,8759_4
/data/cv_project/spikedroid/marked/2017_06_19_renamed/8735_3.jpg,8735_3
/data/cv_project/spikedroid/marked/2017_06_19_renamed/8733_3.jpg,8733_3
/data/cv_project/spikedroid/marked/2017_06_19_renamed/8728_4.jpg,8728_4
/data/cv_project/spikedroid/marked/2017_06_19_renamed/8745_1.jpg,8745_1
/data/cv_project/spikedroid/marked/2017_06_19_renamed/8731_4.jpg,8731_4
/data/cv_project/spikedroid/marked/2017_06_19_renamed/8728_1.jpg,8728_1
/data/cv_project/spikedroid/marked/2017_06_19_renamed/8745_4.jpg,8745_4
/data/cv_project/spikedroid/marked/2017_06_19_renamed/8762_4.jpg,8762_4
/data/cv_project/spikedroid/marked/2017_06_19_renamed/8765_3.jpg,8765_3
/data/cv_project/spikedroid/marked/2017_06_19_renamed/8765_l.jpg,8765_l
/data/cv_project/spikedroid/marked/2017_06_19_renamed/8746_3.jpg,8746_3
/data/cv_project/spikedroid/marked/2017_06_19_renamed/8740_3.jpg,8740_3
/data/cv_project/spikedroid/marked/2017_06_19_renamed/8736_l.jpg,8736_l
/data/cv_project/spikedroid/marked/2017_06_19_renamed/8728_2.jpg,8728_2
/data/cv_project/spikedroid/marked/2017_06_19_renamed/8742_1.jpg,8742_1
/data/cv_project/spikedroid/marked/2017_06_19_renamed/8746_2.jpg,8746_2
/data/cv_project/spikedroid/marked/2017_06_19_renamed/8752_1.jpg,8752_1
/data/cv_project/spikedroid/marked/2017_06_19_renamed/8739_1.jpg,8739_1
/data/cv_project/spikedroid/marked/2017_06_19_renamed/8750_2.jpg,8750_2
/data/cv_project/spikedroid/marked/2017_06_19_renamed/8761_1.jpg,8761_1
/data/cv_project/spikedroid/marked/2017_06_19_renamed/8736_3.jpg,8736_3
/data/cv_project/spikedroid/marked/2017_06_19_renamed/8732_2.jpg,8732_2
/data/cv_project/spikedroid/marked/2017_06_19_renamed/8755_4.jpg,8755_4
/data/cv_project/spikedroid/marked/2017_06_19_renamed/8735_l.jpg,8735_l
/data/cv_project/spikedroid/marked/2017_06_19_renamed/8759_l.jpg,8759_l
/data/cv_project/spikedroid/marked/2017_06_19_renamed/8741_3.jpg,8741_3
/data/cv_project/spikedroid/marked/2017_06_19_renamed/8753_1.jpg,8753_1
/data/cv_project/spikedroid/marked/2017_06_19_renamed/8742_2.jpg,8742_2
/data/cv_project/spikedroid/marked/2017_06_19_renamed/8750_l.jpg,8750_l
/data/cv_project/spikedroid/marked/2017_06_19_renamed/8749_l.jpg,8749_l
/data/cv_project/spikedroid/marked/2017_06_19_renamed/8749_3.jpg,8749_3
/data/cv_project/spikedroid/marked/2017_06_19_renamed/8742_4.jpg,8742_4
/data/cv_project/spikedroid/marked/2017_06_19_renamed/8748_4.jpg,8748_4
/data/cv_project/spikedroid/marked/2017_06_19_renamed/8762_3.jpg,8762_3
/data/cv_project/spikedroid/marked/2017_06_19_renamed/8766_l.jpg,8766_l
/data/cv_project/spikedroid/marked/2017_06_19_renamed/8752_4.jpg,8752_4
/data/cv_project/spikedroid/marked/2017_06_19_renamed/8750_1.jpg,8750_1
/data/cv_project/spikedroid/marked/2017_06_19_renamed/8755_3.jpg,8755_3
/data/cv_project/spikedroid/marked/2017_06_19_renamed/8746_1.jpg,8746_1
/data/cv_project/spikedroid/marked/2017_06_19_renamed/8748_1.jpg,8748_1
/data/cv_project/spikedroid/marked/2017_06_19_renamed/8750_4.jpg,8750_4
/data/cv_project/spikedroid/marked/2017_06_19_renamed/8729_l.jpg,8729_l
/data/cv_project/spikedroid/marked/2017_06_19_renamed/8764_2.jpg,8764_2
/data/cv_project/spikedroid/marked/2017_06_19_renamed/8738_l.jpg,8738_l
/data/cv_project/spikedroid/marked/2017_06_19_renamed/8748_3.jpg,8748_3
/data/cv_project/spikedroid/marked/2017_06_19_renamed/8764_1.jpg,8764_1
/data/cv_project/spikedroid/marked/2017_06_19_renamed/8732_l.jpg,8732_l
/data/cv_project/spikedroid/marked/2017_06_19_renamed/8755_l.jpg,8755_l
/data/cv_project/spikedroid/marked/2017_06_19_renamed/8745_l.jpg,8745_l
/data/cv_project/spikedroid/marked/2017_06_19_renamed/8742_l.jpg,8742_l
/data/cv_project/spikedroid/marked/2017_06_19_renamed/8740_l.jpg,8740_l
/data/cv_project/spikedroid/marked/2017_06_19_renamed/8765_1.jpg,8765_1
/data/cv_project/spikedroid/marked/2017_06_19_renamed/8749_4.jpg,8749_4
/data/cv_project/spikedroid/marked/2017_06_19_renamed/8733_1.jpg,8733_1
/data/cv_project/spikedroid/marked/2017_06_19_renamed/8743_1.jpg,8743_1
/data/cv_project/spikedroid/marked/2017_06_19_renamed/8760_3.jpg,8760_3
/data/cv_project/spikedroid/marked/2017_06_19_renamed/8766_2.jpg,8766_2
/data/cv_project/spikedroid/marked/2017_06_19_renamed/8760_4.jpg,8760_4
/data/cv_project/spikedroid/marked/2017_06_19_renamed/8739_l.jpg,8739_l
/data/cv_project/spikedroid/marked/2017_06_19_renamed/8746_4.jpg,8746_4
/data/cv_project/spikedroid/marked/2017_06_19_renamed/8741_l.jpg,8741_l
/data/cv_project/spikedroid/marked/2017_06_19_renamed/8729_1.jpg,8729_1
/data/cv_project/spikedroid/marked/2017_06_19_renamed/8743_4.jpg,8743_4
/data/cv_project/spikedroid/marked/2017_06_19_renamed/8760_2.jpg,8760_2
/data/cv_project/spikedroid/marked/2017_06_19_renamed/8732_1.jpg,8732_1
/data/cv_project/spikedroid/marked/2017_06_19_renamed/8731_l.jpg,8731_l
/data/cv_project/spikedroid/marked/2017_06_19_renamed/8744_1.jpg,8744_1
/data/cv_project/spikedroid/marked/2017_06_19_renamed/8744_2.jpg,8744_2
/data/cv_project/spikedroid/marked/2017_06_19_renamed/8765_4.jpg,8765_4
/data/cv_project/spikedroid/marked/2017_06_19_renamed/8732_3.jpg,8732_3
/data/cv_project/spikedroid/marked/2017_06_19_renamed/8752_l.jpg,8752_l
/data/cv_project/spikedroid/marked/2017_06_19_renamed/8728_6.jpg,8728_6
/data/cv_project/spikedroid/marked/2017_06_19_renamed/8761_l.jpg,8761_l
/data/cv_project/spikedroid/marked/2017_06_19_renamed/8753_4.jpg,8753_4
/data/cv_project/spikedroid/marked/2017_06_19_renamed/8760_1.jpg,8760_1
/data/cv_project/spikedroid/marked/2017_06_19_renamed/8749_2.jpg,8749_2
/data/cv_project/spikedroid/marked/2017_06_19_renamed/8760_l.jpg,8760_l
/data/cv_project/spikedroid/marked/2017_06_19_renamed/8728_5.jpg,8728_5
/data/cv_project/spikedroid/marked/2017_06_19_renamed/8741_4.jpg,8741_4
/data/cv_project/spikedroid/marked/2017_06_19_renamed/8759_1.jpg,8759_1
/data/cv_project/spikedroid/marked/2017_06_19_renamed/8743_l.jpg,8743_l
/data/cv_project/spikedroid/marked/2017_06_19_renamed/8750_3.jpg,8750_3
/data/cv_project/spikedroid/marked/2017_06_19_renamed/8734_2.jpg,8734_2
/data/cv_project/spikedroid/marked/2017_06_19_renamed/8745_3.jpg,8745_3
/data/cv_project/spikedroid/marked/2017_06_19_renamed/8729_3.jpg,8729_3
/data/cv_project/spikedroid/marked/2017_06_19_renamed/8739_3.jpg,8739_3
/data/cv_project/spikedroid/marked/2017_06_19_renamed/8761_3.jpg,8761_3
/data/cv_project/spikedroid/marked/2017_06_19_renamed/8730_1.jpg,8730_1
/data/cv_project/spikedroid/marked/2017_06_19_renamed/8752_3.jpg,8752_3
/data/cv_project/spikedroid/marked/2017_06_19_renamed/8729_2.jpg,8729_2
/data/cv_project/spikedroid/marked/2017_06_19_renamed/8730_l.jpg,8730_l
/data/cv_project/spikedroid/marked/2017_06_19_renamed/8735_4.jpg,8735_4
/data/cv_project/spikedroid/marked/2017_06_19_renamed/8753_l.jpg,8753_l
/data/cv_project/spikedroid/marked/2017_06_19_renamed/8759_2.jpg,8759_2
/data/cv_project/spikedroid/marked/2017_06_19_renamed/8731_1.jpg,8731_1
/data/cv_project/spikedroid/marked/2017_06_19_renamed/8735_2.jpg,8735_2
/data/cv_project/spikedroid/marked/2017_06_19_renamed/8745_2.jpg,8745_2
/data/cv_project/spikedroid/marked/2017_06_19_renamed/8749_1.jpg,8749_1
/data/cv_project/spikedroid/marked/2017_06_19_renamed/8765_2.jpg,8765_2
/data/cv_project/spikedroid/marked/2017_06_19_renamed/8740_2.jpg,8740_2
/data/cv_project/spikedroid/marked/2017_06_19_renamed/8734_3.jpg,8734_3
/data/cv_project/spikedroid/marked/2017_06_19_renamed/8735_1.jpg,8735_1
/data/cv_project/spikedroid/marked/2017_06_19_renamed/8734_4.jpg,8734_4
/data/cv_project/spikedroid/marked/2017_06_19_renamed/8733_4.jpg,8733_4
/data/cv_project/spikedroid/marked/2017_06_19_renamed/8742_3.jpg,8742_3
/data/cv_project/spikedroid/marked/2017_06_19_renamed/8762_2.jpg,8762_2
/data/cv_project/spikedroid/marked/2017_06_19_renamed/8738_1.jpg,8738_1
/data/cv_project/spikedroid/marked/2017_06_19_renamed/8740_1.jpg,8740_1
/data/cv_project/spikedroid/marked/2017_06_19_renamed/8728_l.jpg,8728_l
/data/cv_project/spikedroid/marked/2017_06_19_renamed/8730_3.jpg,8730_3
/data/cv_project/spikedroid/marked/2017_06_19_renamed/8766_4.jpg,8766_4
/data/cv_project/spikedroid/marked/2017_06_19_renamed/8761_4.jpg,8761_4
/data/cv_project/spikedroid/marked/2017_06_19_renamed/8741_2.jpg,8741_2
/data/cv_project/spikedroid/marked/2017_06_19_renamed/8732_4.jpg,8732_4
/data/cv_project/spikedroid/marked/2017_06_19_renamed/8733_2.jpg,8733_2
/data/cv_project/spikedroid/marked/2017_06_19_renamed/8764_4.jpg,8764_4
/data/cv_project/spikedroid/marked/2017_06_19_renamed/8766_3.jpg,8766_3
/data/cv_project/spikedroid/marked/2017_06_19_renamed/8748_2.jpg,8748_2
/data/cv_project/spikedroid/marked/2017_06_19_renamed/8762_l.jpg,8762_l
/data/cv_project/spikedroid/marked/2017_06_19_renamed/8752_2.jpg,8752_2
/data/cv_project/spikedroid/marked/2017_06_19_renamed/8741_1.jpg,8741_1
/data/cv_project/spikedroid/marked/2017_06_19_renamed/2017_06_19/8743_2.jpg,8743_2_#156
/data/cv_project/spikedroid/marked/2017_06_19_renamed/2017_06_19/8740_4.jpg,8740_4_#157
/data/cv_project/spikedroid/marked/2017_06_19_renamed/2017_06_19/8764_l.jpg,8764_l_#158
/data/cv_project/spikedroid/marked/2017_06_19_renamed/2017_06_19/8748_l.jpg,8748_l_#159
/data/cv_project/spikedroid/marked/2017_06_19_renamed/2017_06_19/8753_2.jpg,8753_2_#160
/data/cv_project/spikedroid/marked/2017_06_19_renamed/2017_06_19/8736_2.jpg,8736_2_#161
/data/cv_project/spikedroid/marked/2017_06_19_renamed/2017_06_19/8731_3.jpg,8731_3_#162
/data/cv_project/spikedroid/marked/2017_06_19_renamed/2017_06_19/8736_1.jpg,8736_1_#163
/data/cv_project/spikedroid/marked/2017_06_19_renamed/2017_06_19/8730_2.jpg,8730_2_#164
/data/cv_project/spikedroid/marked/2017_06_19_renamed/2017_06_19/8739_2.jpg,8739_2_#165
/data/cv_project/spikedroid/marked/2017_06_19_renamed/2017_06_19/8766_1.jpg,8766_1_#166
/data/cv_project/spikedroid/marked/2017_06_19_renamed/2017_06_19/8755_2.jpg,8755_2_#167
/data/cv_project/spikedroid/marked/2017_06_19_renamed/2017_06_19/8743_3.jpg,8743_3_#168
/data/cv_project/spikedroid/marked/2017_06_19_renamed/2017_06_19/8730_4.jpg,8730_4_#169
/data/cv_project/spikedroid/marked/2017_06_19_renamed/2017_06_19/8759_3.jpg,8759_3_#170
/data/cv_project/spikedroid/marked/2017_06_19_renamed/2017_06_19/8762_1.jpg,8762_1_#171
/data/cv_project/spikedroid/marked/2017_06_19_renamed/2017_06_19/8761_2.jpg,8761_2_#172
/data/cv_project/spikedroid/marked/2017_06_19_renamed/2017_06_19/8739_4.jpg,8739_4_#173
/data/cv_project/spikedroid/marked/2017_06_19_renamed/2017_06_19/8734_l.jpg,8734_l_#174
/data/cv_project/spikedroid/marked/2017_06_19_renamed/2017_06_19/8736_4.jpg,8736_4_#175
/data/cv_project/spikedroid/marked/2017_06_19_renamed/2017_06_19/8744_3.jpg,8744_3_#176
/data/cv_project/spikedroid/marked/2017_06_19_renamed/2017_06_19/8744_l.jpg,8744_l_#177
/data/cv_project/spikedroid/marked/2017_06_19_renamed/2017_06_19/8731_2.jpg,8731_2_#178
/data/cv_project/spikedroid/marked/2017_06_19_renamed/2017_06_19/8744_4.jpg,8744_4_#179
/data/cv_project/spikedroid/marked/2017_06_19_renamed/2017_06_19/8755_1.jpg,8755_1_#180
/data/cv_project/spikedroid/marked/2017_06_19_renamed/2017_06_19/8753_3.jpg,8753_3_#181
/data/cv_project/spikedroid/marked/2017_06_19_renamed/2017_06_19/8738_3.jpg,8738_3_#182
/data/cv_project/spikedroid/marked/2017_06_19_renamed/2017_06_19/8738_4.jpg,8738_4_#183
/data/cv_project/spikedroid/marked/2017_06_19_renamed/2017_06_19/8738_2.jpg,8738_2_#184
/data/cv_project/spikedroid/marked/2017_06_19_renamed/2017_06_19/8728_3.jpg,8728_3_#185
/data/cv_project/spikedroid/marked/2017_06_19_renamed/2017_06_19/8746_l.jpg,8746_l_#186
/data/cv_project/spikedroid/marked/2017_06_19_renamed/2017_06_19/8733_l.jpg,8733_l_#187
/data/cv_project/spikedroid/marked/2017_06_19_renamed/2017_06_19/8734_1.jpg,8734_1_#188
/data/cv_project/spikedroid/marked/2017_06_19_renamed/2017_06_19/8764_3.jpg,8764_3_#189
/data/cv_project/spikedroid/marked/2017_06_19_renamed/2017_06_19/8759_4.jpg,8759_4_#190
/data/cv_project/spikedroid/marked/2017_06_19_renamed/2017_06_19/8735_3.jpg,8735_3_#191
/data/cv_project/spikedroid/marked/2017_06_19_renamed/2017_06_19/8733_3.jpg,8733_3_#192
/data/cv_project/spikedroid/marked/2017_06_19_renamed/2017_06_19/8728_4.jpg,8728_4_#193
/data/cv_project/spikedroid/marked/2017_06_19_renamed/2017_06_19/8745_1.jpg,8745_1_#194
/data/cv_project/spikedroid/marked/2017_06_19_renamed/2017_06_19/8731_4.jpg,8731_4_#195
/data/cv_project/spikedroid/marked/2017_06_19_renamed/2017_06_19/8728_1.jpg,8728_1_#196
/data/cv_project/spikedroid/marked/2017_06_19_renamed/2017_06_19/8745_4.jpg,8745_4_#197
/data/cv_project/spikedroid/marked/2017_06_19_renamed/2017_06_19/8762_4.jpg,8762_4_#198
/data/cv_project/spikedroid/marked/2017_06_19_renamed/2017_06_19/8765_3.jpg,8765_3_#199
/data/cv_project/spikedroid/marked/2017_06_19_renamed/2017_06_19/8765_l.jpg,8765_l_#200
/data/cv_project/spikedroid/marked/2017_06_19_renamed/2017_06_19/8746_3.jpg,8746_3_#201
/data/cv_project/spikedroid/marked/2017_06_19_renamed/2017_06_19/8740_3.jpg,8740_3_#202
/data/cv_project/spikedroid/marked/2017_06_19_renamed/2017_06_19/8736_l.jpg,8736_l_#203
/data/cv_project/spikedroid/marked/2017_06_19_renamed/2017_06_19/8728_2.jpg,8728_2_#204
/data/cv_project/spikedroid/marked/2017_06_19_renamed/2017_06_19/8742_1.jpg,8742_1_#205
/data/cv_project/spikedroid/marked/2017_06_19_renamed/2017_06_19/8746_2.jpg,8746_2_#206
/data/cv_project/spikedroid/marked/2017_06_19_renamed/2017_06_19/8752_1.jpg,8752_1_#207
/data/cv_project/spikedroid/marked/2017_06_19_renamed/2017_06_19/8739_1.jpg,8739_1_#208
/data/cv_project/spikedroid/marked/2017_06_19_renamed/2017_06_19/8750_2.jpg,8750_2_#209
/data/cv_project/spikedroid/marked/2017_06_19_renamed/2017_06_19/8761_1.jpg,8761_1_#210
/data/cv_project/spikedroid/marked/2017_06_19_renamed/2017_06_19/8736_3.jpg,8736_3_#211
/data/cv_project/spikedroid/marked/2017_06_19_renamed/2017_06_19/8732_2.jpg,8732_2_#212
/data/cv_project/spikedroid/marked/2017_06_19_renamed/2017_06_19/8755_4.jpg,8755_4_#213
/data/cv_project/spikedroid/marked/2017_06_19_renamed/2017_06_19/8735_l.jpg,8735_l_#214
/data/cv_project/spikedroid/marked/2017_06_19_renamed/2017_06_19/8759_l.jpg,8759_l_#215
/data/cv_project/spikedroid/marked/2017_06_19_renamed/2017_06_19/8741_3.jpg,8741_3_#216
/data/cv_project/spikedroid/marked/2017_06_19_renamed/2017_06_19/8753_1.jpg,8753_1_#217
/data/cv_project/spikedroid/marked/2017_06_19_renamed/2017_06_19/8742_2.jpg,8742_2_#218
/data/cv_project/spikedroid/marked/2017_06_19_renamed/2017_06_19/8750_l.jpg,8750_l_#219
/data/cv_project/spikedroid/marked/2017_06_19_renamed/2017_06_19/8749_l.jpg,8749_l_#220
/data/cv_project/spikedroid/marked/2017_06_19_renamed/2017_06_19/8749_3.jpg,8749_3_#221
/data/cv_project/spikedroid/marked/2017_06_19_renamed/2017_06_19/8742_4.jpg,8742_4_#222
/data/cv_project/spikedroid/marked/2017_06_19_renamed/2017_06_19/8748_4.jpg,8748_4_#223
/data/cv_project/spikedroid/marked/2017_06_19_renamed/2017_06_19/8762_3.jpg,8762_3_#224
/data/cv_project/spikedroid/marked/2017_06_19_renamed/2017_06_19/8766_l.jpg,8766_l_#225
/data/cv_project/spikedroid/marked/2017_06_19_renamed/2017_06_19/8752_4.jpg,8752_4_#226
/data/cv_project/spikedroid/marked/2017_06_19_renamed/2017_06_19/8750_1.jpg,8750_1_#227
/data/cv_project/spikedroid/marked/2017_06_19_renamed/2017_06_19/8755_3.jpg,8755_3_#228
/data/cv_project/spikedroid/marked/2017_06_19_renamed/2017_06_19/8746_1.jpg,8746_1_#229
/data/cv_project/spikedroid/marked/2017_06_19_renamed/2017_06_19/8748_1.jpg,8748_1_#230
/data/cv_project/spikedroid/marked/2017_06_19_renamed/2017_06_19/8750_4.jpg,8750_4_#231
/data/cv_project/spikedroid/marked/2017_06_19_renamed/2017_06_19/8729_l.jpg,8729_l_#232
/data/cv_project/spikedroid/marked/2017_06_19_renamed/2017_06_19/8764_2.jpg,8764_2_#233
/data/cv_project/spikedroid/marked/2017_06_19_renamed/2017_06_19/8738_l.jpg,8738_l_#234
/data/cv_project/spikedroid/marked/2017_06_19_renamed/2017_06_19/8748_3.jpg,8748_3_#235
/data/cv_project/spikedroid/marked/2017_06_19_renamed/2017_06_19/8764_1.jpg,8764_1_#236
/data/cv_project/spikedroid/marked/2017_06_19_renamed/2017_06_19/8732_l.jpg,8732_l_#237
/data/cv_project/spikedroid/marked/2017_06_19_renamed/2017_06_19/8755_l.jpg,8755_l_#238
/data/cv_project/spikedroid/marked/2017_06_19_renamed/2017_06_19/8745_l.jpg,8745_l_#239
/data/cv_project/spikedroid/marked/2017_06_19_renamed/2017_06_19/8742_l.jpg,8742_l_#240
/data/cv_project/spikedroid/marked/2017_06_19_renamed/2017_06_19/8740_l.jpg,8740_l_#241
/data/cv_project/spikedroid/marked/2017_06_19_renamed/2017_06_19/8765_1.jpg,8765_1_#242
/data/cv_project/spikedroid/marked/2017_06_19_renamed/2017_06_19/8749_4.jpg,8749_4_#243
/data/cv_project/spikedroid/marked/2017_06_19_renamed/2017_06_19/8733_1.jpg,8733_1_#244
/data/cv_project/spikedroid/marked/2017_06_19_renamed/2017_06_19/8743_1.jpg,8743_1_#245
/data/cv_project/spikedroid/marked/2017_06_19_renamed/2017_06_19/8760_3.jpg,8760_3_#246
/data/cv_project/spikedroid/marked/2017_06_19_renamed/2017_06_19/8766_2.jpg,8766_2_#247
/data/cv_project/spikedroid/marked/2017_06_19_renamed/2017_06_19/8760_4.jpg,8760_4_#248
/data/cv_project/spikedroid/marked/2017_06_19_renamed/2017_06_19/8739_l.jpg,8739_l_#249
/data/cv_project/spikedroid/marked/2017_06_19_renamed/2017_06_19/8746_4.jpg,8746_4_#250
/data/cv_project/spikedroid/marked/2017_06_19_renamed/2017_06_19/8741_l.jpg,8741_l_#251
/data/cv_project/spikedroid/marked/2017_06_19_renamed/2017_06_19/8729_1.jpg,8729_1_#252
/data/cv_project/spikedroid/marked/2017_06_19_renamed/2017_06_19/8743_4.jpg,8743_4_#253
/data/cv_project/spikedroid/marked/2017_06_19_renamed/2017_06_19/8760_2.jpg,8760_2_#254
/data/cv_project/spikedroid/marked/2017_06_19_renamed/2017_06_19/8732_1.jpg,8732_1_#255
/data/cv_project/spikedroid/marked/2017_06_19_renamed/2017_06_19/8731_l.jpg,8731_l_#256
/data/cv_project/spikedroid/marked/2017_06_19_renamed/2017_06_19/8744_1.jpg,8744_1_#257
/data/cv_project/spikedroid/marked/2017_06_19_renamed/2017_06_19/8744_2.jpg,8744_2_#258
/data/cv_project/spikedroid/marked/2017_06_19_renamed/2017_06_19/8765_4.jpg,8765_4_#259
/data/cv_project/spikedroid/marked/2017_06_19_renamed/2017_06_19/8732_3.jpg,8732_3_#260
/data/cv_project/spikedroid/marked/2017_06_19_renamed/2017_06_19/8752_l.jpg,8752_l_#261
/data/cv_project/spikedroid/marked/2017_06_19_renamed/2017_06_19/8728_6.jpg,8728_6_#262
/data/cv_project/spikedroid/marked/2017_06_19_renamed/2017_06_19/8761_l.jpg,8761_l_#263
/data/cv_project/spikedroid/marked/2017_06_19_renamed/2017_06_19/8753_4.jpg,8753_4_#264
/data/cv_project/spikedroid/marked/2017_06_19_renamed/2017_06_19/8760_1.jpg,8760_1_#265
/data/cv_project/spikedroid/marked/2017_06_19_renamed/2017_06_19/8749_2.jpg,8749_2_#266
/data/cv_project/spikedroid/marked/2017_06_19_renamed/2017_06_19/8760_l.jpg,8760_l_#267
/data/cv_project/spikedroid/marked/2017_06_19_renamed/2017_06_19/8728_5.jpg,8728_5_#268
/data/cv_project/spikedroid/marked/2017_06_19_renamed/2017_06_19/8741_4.jpg,8741_4_#269
/data/cv_project/spikedroid/marked/2017_06_19_renamed/2017_06_19/8759_1.jpg,8759_1_#270
/data/cv_project/spikedroid/marked/2017_06_19_renamed/2017_06_19/8743_l.jpg,8743_l_#271
/data/cv_project/spikedroid/marked/2017_06_19_renamed/2017_06_19/8750_3.jpg,8750_3_#272
/data/cv_project/spikedroid/marked/2017_06_19_renamed/2017_06_19/8734_2.jpg,8734_2_#273
/data/cv_project/spikedroid/marked/2017_06_19_renamed/2017_06_19/8745_3.jpg,8745_3_#274
/data/cv_project/spikedroid/marked/2017_06_19_renamed/2017_06_19/8729_3.jpg,8729_3_#275
/data/cv_project/spikedroid/marked/2017_06_19_renamed/2017_06_19/8739_3.jpg,8739_3_#276
/data/cv_project/spikedroid/marked/2017_06_19_renamed/2017_06_19/8761_3.jpg,8761_3_#277
/data/cv_project/spikedroid/marked/2017_06_19_renamed/2017_06_19/8730_1.jpg,8730_1_#278
/data/cv_project/spikedroid/marked/2017_06_19_renamed/2017_06_19/8752_3.jpg,8752_3_#279
/data/cv_project/spikedroid/marked/2017_06_19_renamed/2017_06_19/8729_2.jpg,8729_2_#280
/data/cv_project/spikedroid/marked/2017_06_19_renamed/2017_06_19/8730_l.jpg,8730_l_#281
/data/cv_project/spikedroid/marked/2017_06_19_renamed/2017_06_19/8735_4.jpg,8735_4_#282
/data/cv_project/spikedroid/marked/2017_06_19_renamed/2017_06_19/8753_l.jpg,8753_l_#283
/data/cv_project/spikedroid/marked/2017_06_19_renamed/2017_06_19/8759_2.jpg,8759_2_#284
/data/cv_project/spikedroid/marked/2017_06_19_renamed/2017_06_19/8731_1.jpg,8731_1_#285
/data/cv_project/spikedroid/marked/2017_06_19_renamed/2017_06_19/8735_2.jpg,8735_2_#286
/data/cv_project/spikedroid/marked/2017_06_19_renamed/2017_06_19/8745_2.jpg,8745_2_#287
/data/cv_project/spikedroid/marked/2017_06_19_renamed/2017_06_19/8749_1.jpg,8749_1_#288
/data/cv_project/spikedroid/marked/2017_06_19_renamed/2017_06_19/8765_2.jpg,8765_2_#289
/data/cv_project/spikedroid/marked/2017_06_19_renamed/2017_06_19/8740_2.jpg,8740_2_#290
/data/cv_project/spikedroid/marked/2017_06_19_renamed/2017_06_19/8734_3.jpg,8734_3_#291
/data/cv_project/spikedroid/marked/2017_06_19_renamed/2017_06_19/8735_1.jpg,8735_1_#292
/data/cv_project/spikedroid/marked/2017_06_19_renamed/2017_06_19/8734_4.jpg,8734_4_#293
/data/cv_project/spikedroid/marked/2017_06_19_renamed/2017_06_19/8733_4.jpg,8733_4_#294
/data/cv_project/spikedroid/marked/2017_06_19_renamed/2017_06_19/8742_3.jpg,8742_3_#295
/data/cv_project/spikedroid/marked/2017_06_19_renamed/2017_06_19/8762_2.jpg,8762_2_#296
/data/cv_project/spikedroid/marked/2017_06_19_renamed/2017_06_19/8738_1.jpg,8738_1_#297
/data/cv_project/spikedroid/marked/2017_06_19_renamed/2017_06_19/8740_1.jpg,8740_1_#298
/data/cv_project/spikedroid/marked/2017_06_19_renamed/2017_06_19/8728_l.jpg,8728_l_#299
/data/cv_project/spikedroid/marked/2017_06_19_renamed/2017_06_19/8730_3.jpg,8730_3_#300
/data/cv_project/spikedroid/marked/2017_06_19_renamed/2017_06_19/8766_4.jpg,8766_4_#301
/data/cv_project/spikedroid/marked/2017_06_19_renamed/2017_06_19/8761_4.jpg,8761_4_#302
/data/cv_project/spikedroid/marked/2017_06_19_renamed/2017_06_19/8741_2.jpg,8741_2_#303
/data/cv_project/spikedroid/marked/2017_06_19_renamed/2017_06_19/8732_4.jpg,8732_4_#304
/data/cv_project/spikedroid/marked/2017_06_19_renamed/2017_06_19/8733_2.jpg,8733_2_#305
/data/cv_project/spikedroid/marked/2017_06_19_renamed/2017_06_19/8764_4.jpg,8764_4_#306
/data/cv_project/spikedroid/marked/2017_06_19_renamed/2017_06_19/8766_3.jpg,8766_3_#307
/data/cv_project/spikedroid/marked/2017_06_19_renamed/2017_06_19/8748_2.jpg,8748_2_#308
/data/cv_project/spikedroid/marked/2017_06_19_renamed/2017_06_19/8762_l.jpg,8762_l_#309
/data/cv_project/spikedroid/marked/2017_06_19_renamed/2017_06_19/8752_2.jpg,8752_2_#310
/data/cv_project/spikedroid/marked/2017_06_19_renamed/2017_06_19/8741_1.jpg,8741_1_#311
